Id,target_tre200h0_plus24h
1,3.800249999999999
2,3.7925000000000013
3,16.392249999999994
4,7.709000000000006
5,14.166249999999998
6,-1.8827499999999981
7,6.0785
8,11.743250000000007
9,3.8250000000000046
10,5.651500000000002
11,14.069500000000007
12,12.021500000000012
13,-7.094500000000006
14,11.63375000000001
15,11.806500000000002
16,16.292499999999993
17,22.27049999999997
18,5.676749999999998
19,4.163749999999997
20,-1.6012500000000032
21,8.083999999999998
22,4.1552500000000006
23,17.304249999999996
24,5.734500000000001
25,7.618500000000001
26,12.8925
27,0.29024999999999956
28,18.182000000000006
29,8.070249999999994
30,11.510750000000005
31,27.75849999999999
32,17.998999999999988
33,5.922499999999993
34,15.854999999999983
35,24.840249999999966
36,22.214250000000003
37,-0.2025
38,0.3667500000000002
39,9.30675000000001
40,22.05774999999999
41,14.27474999999999
42,22.584499999999995
43,-0.34174999999999983
44,19.91649999999998
45,7.4582499999999925
46,-0.5482499999999993
47,0.8527499999999995
48,4.011250000000004
49,10.594000000000003
50,18.496
51,17.73600000000001
52,17.71400000000001
53,1.6885000000000014
54,12.283750000000005
55,11.590000000000002
56,14.592500000000015
57,17.017250000000004
58,13.121249999999993
59,11.84049999999999
60,16.260500000000008
61,-2.4002500000000015
62,-0.2897499999999999
63,16.153249999999986
64,13.249749999999995
65,0.34350000000000025
66,11.16025000000001
67,4.76825
68,15.116749999999993
69,7.314500000000007
70,-2.4875000000000007
71,9.134000000000006
72,11.502000000000018
73,12.898750000000007
74,8.48825000000001
75,6.445000000000006
76,9.125000000000004
77,6.229500000000002
78,21.940749999999998
79,4.22725
80,10.992500000000012
81,17.265999999999988
82,18.34450000000001
83,11.426749999999995
84,16.041
85,1.6505000000000016
86,12.988
87,23.672250000000005
88,10.414000000000005
89,3.7824999999999984
90,19.92925000000003
91,18.47600000000002
92,2.0830000000000006
93,16.273499999999977
94,17.193500000000007
95,8.042499999999995
96,16.869249999999983
97,8.310749999999999
98,17.774250000000006
99,5.3037500000000035
100,13.889750000000003
101,1.7762500000000025
102,-1.6817499999999992
103,12.214250000000002
104,5.800500000000003
105,9.207250000000004
106,4.38525
107,-1.22425
108,-0.04449999999999996
109,5.7877500000000035
110,19.53224999999999
111,18.724249999999987
112,7.365749999999997
113,17.22675000000001
114,11.13825000000001
115,6.518250000000004
116,2.999000000000002
117,7.963000000000009
118,1.46275
119,14.093750000000007
120,15.34349999999998
121,15.473249999999998
122,8.344500000000005
123,9.12124999999999
124,5.598250000000005
125,18.21725
126,16.58650000000001
127,17.503999999999998
128,6.932749999999995
129,3.4820000000000007
130,16.301500000000004
131,5.857000000000005
132,11.932499999999981
133,13.670249999999985
134,0.03775000000000004
135,15.037999999999993
136,14.091249999999997
137,28.413000000000025
138,26.808249999999994
139,13.371999999999996
140,3.3542499999999986
141,20.694750000000013
142,7.355000000000001
143,1.4622499999999996
144,6.306000000000003
145,11.51350000000002
146,16.810499999999987
147,0.2177499999999999
148,-1.5984999999999996
149,10.280000000000006
150,24.33224999999999
151,18.201250000000005
152,-1.106
153,1.3814999999999997
154,11.689500000000002
155,3.1830000000000007
156,-0.4522500000000002
157,27.917250000000003
158,15.278250000000005
159,14.860999999999992
160,12.514750000000019
161,14.30050000000001
162,4.2835000000000045
163,3.521249999999999
164,17.43475
165,25.004499999999997
166,2.02925
167,6.649999999999999
168,26.725999999999996
169,0.8542499999999994
170,4.1419999999999995
171,24.595250000000043
172,11.316250000000002
173,14.199249999999996
174,12.29325000000001
175,-1.205500000000001
176,20.346750000000014
177,7.263500000000006
178,4.153749999999993
179,8.125750000000004
180,19.211250000000003
181,-3.3267499999999974
182,14.14574999999999
183,11.572500000000007
184,8.944750000000006
185,3.795750000000004
186,18.175250000000016
187,17.161749999999998
188,14.984250000000031
189,-0.04450000000000008
190,1.8137500000000022
191,16.430249999999987
192,13.244000000000012
193,26.67849999999994
194,6.596999999999997
195,16.01
196,9.586749999999993
197,5.078749999999996
198,4.362999999999999
199,18.495500000000003
200,5.291250000000002
201,20.433500000000034
202,16.435250000000007
203,-2.6845000000000003
204,23.156250000000068
205,17.960750000000008
206,9.164499999999999
207,-2.647999999999999
208,7.013749999999999
209,8.942500000000003
210,0.13925000000000018
211,18.46225000000002
212,8.187750000000008
213,12.428749999999996
214,9.80600000000002
215,8.389500000000007
216,4.847999999999998
217,23.55400000000001
218,18.524000000000026
219,11.683499999999997
220,-1.819250000000003
221,6.532500000000007
222,-0.8149999999999996
223,15.744000000000003
224,5.04475000000001
225,14.083250000000012
226,12.16
227,22.1005
228,0.07750000000000004
229,18.472750000000005
230,6.791999999999999
231,0.8072499999999998
232,0.9372500000000002
233,-4.0317500000000015
234,3.2185000000000024
235,5.844000000000002
236,17.361750000000008
237,16.150000000000016
238,2.97925
239,9.843250000000006
240,1.802499999999999
241,-3.2964999999999973
242,18.309000000000005
243,4.450249999999998
244,9.364249999999993
245,10.723999999999998
246,12.542499999999997
247,14.514750000000001
248,16.445500000000006
249,14.886249999999988
250,19.118250000000018
251,19.549000000000007
252,9.612000000000005
253,15.079999999999993
254,4.551500000000002
255,28.598250000000036
256,17.08924999999998
257,11.425250000000005
258,11.681500000000007
259,6.265999999999994
260,3.2282499999999983
261,4.476000000000003
262,12.329250000000009
263,16.638500000000004
264,20.337
265,13.654249999999996
266,14.966749999999992
267,3.0529999999999977
268,3.0630000000000006
269,-5.868499999999998
270,18.29575000000002
271,5.163500000000003
272,10.764499999999996
273,9.118500000000015
274,14.579999999999995
275,14.504749999999992
276,26.905749999999976
277,15.827499999999995
278,3.15675
279,11.147000000000007
280,23.545000000000062
281,3.4647500000000013
282,-1.2147500000000009
283,6.1145
284,11.977500000000012
285,23.543749999999985
286,17.27699999999999
287,17.746499999999994
288,0.7589999999999995
289,8.735500000000005
290,2.0212500000000007
291,-1.5549999999999997
292,14.221250000000007
293,15.534249999999995
294,14.878499999999997
295,12.471000000000013
296,12.471500000000008
297,29.842499999999962
298,8.480250000000002
299,6.568749999999995
300,16.93725000000001
301,10.201750000000013
302,14.368749999999993
303,16.958500000000015
304,10.124750000000011
305,5.807750000000002
306,26.58650000000002
307,8.965250000000005
308,13.66324999999999
309,1.3552500000000038
310,5.321500000000002
311,8.5755
312,18.399499999999996
313,8.625749999999998
314,0.9269999999999995
315,14.300249999999984
316,16.967
317,4.604249999999999
318,1.1862500000000018
319,7.2909999999999995
320,23.418000000000028
321,-0.10500000000000005
322,11.715250000000015
323,8.251750000000007
324,14.966999999999999
325,-2.8055000000000017
326,1.75725
327,22.757250000000013
328,4.408499999999995
329,21.85675000000002
330,12.703000000000005
331,20.70875000000002
332,15.62949999999998
333,1.6572500000000008
334,1.8019999999999998
335,4.494999999999996
336,19.96375
337,6.741000000000003
338,-0.26299999999999973
339,17.727000000000018
340,12.370499999999987
341,14.389999999999988
342,11.169749999999997
343,22.637249999999977
344,11.706500000000005
345,7.036250000000001
346,10.072250000000006
347,14.703999999999985
348,5.745250000000002
349,0.7785000000000006
350,7.456750000000003
351,16.287250000000014
352,4.8545000000000025
353,1.0789999999999993
354,24.791250000000012
355,13.959750000000016
356,5.715000000000003
357,23.727999999999998
358,7.783999999999997
359,18.45725000000001
360,12.064749999999998
361,9.935
362,17.08550000000001
363,9.80550000000001
364,11.55675000000002
365,6.02875
366,11.428750000000012
367,13.322750000000006
368,2.573500000000001
369,19.46675000000001
370,1.3627499999999997
371,7.496250000000004
372,14.795999999999982
373,-0.19174999999999953
374,4.155249999999997
375,9.621999999999996
376,8.301499999999995
377,4.7395000000000005
378,3.2527499999999985
379,3.3585000000000003
380,21.521
381,6.091750000000003
382,-0.3554999999999997
383,16.929249999999985
384,17.075750000000003
385,22.329499999999975
386,1.5259999999999976
387,18.28025000000001
388,-4.978249999999996
389,15.422249999999984
390,8.315
391,18.925750000000008
392,-0.4097499999999997
393,-1.3799999999999992
394,5.837250000000003
395,-0.5262500000000001
396,21.891500000000022
397,19.55875
398,13.839250000000009
399,1.246999999999999
400,11.906499999999996
401,16.667000000000005
402,1.0644999999999998
403,23.215749999999993
404,-0.4377500000000004
405,0.248
406,2.844750000000003
407,19.713250000000002
408,3.049250000000001
409,14.132499999999991
410,15.397499999999985
411,14.907249999999982
412,0.43475000000000025
413,11.181250000000004
414,7.506999999999994
415,2.175250000000002
416,6.123000000000003
417,13.689750000000004
418,16.982000000000014
419,4.515749999999996
420,15.171000000000008
421,-3.2272500000000006
422,16.282249999999994
423,17.90425000000001
424,9.311249999999996
425,16.79775000000001
426,3.2257500000000023
427,16.922749999999994
428,22.140000000000004
429,-1.6597500000000007
430,11.506750000000002
431,22.576999999999998
432,3.2622500000000008
433,-2.3185000000000007
434,19.802000000000035
435,2.5632500000000005
436,5.964750000000004
437,0.17999999999999983
438,1.0592499999999994
439,4.122500000000003
440,6.083500000000002
441,0.3174999999999997
442,22.458500000000026
443,0.41400000000000003
444,2.1830000000000003
445,2.9447499999999978
446,7.050750000000001
447,21.044249999999987
448,10.054250000000001
449,12.569999999999995
450,3.62475
451,24.787
452,5.25175
453,5.3725
454,2.7182500000000043
455,-2.056249999999997
456,-0.13624999999999982
457,15.759499999999978
458,16.838749999999997
459,23.02025000000003
460,9.433249999999994
461,19.55325000000002
462,-3.0797500000000038
463,1.7692499999999993
464,1.1159999999999994
465,5.122999999999999
466,8.421499999999995
467,0.2839999999999995
468,14.82425
469,16.742000000000008
470,12.01225000000001
471,-2.0820000000000003
472,11.444749999999992
473,7.243999999999996
474,1.6365
475,18.726750000000013
476,8.310750000000002
477,22.205999999999985
478,4.077
479,-2.297750000000001
480,16.944749999999996
481,18.609500000000004
482,2.3434999999999984
483,-0.6339999999999996
484,10.670499999999999
485,0.35975000000000035
486,9.221250000000005
487,16.087000000000025
488,10.779000000000014
489,23.094499999999996
490,21.99000000000002
491,11.82949999999999
492,-2.601000000000001
493,8.101750000000004
494,1.0092500000000002
495,22.30275
496,9.701000000000015
497,10.013000000000016
498,20.0955
499,10.524999999999991
500,10.651249999999996
501,-2.1055000000000006
502,5.242250000000001
503,8.116749999999998
504,7.002999999999987
505,8.387250000000005
506,-1.2017500000000008
507,26.320500000000006
508,18.561999999999994
509,2.5744999999999987
510,8.539500000000006
511,4.123250000000008
512,-1.9815000000000003
513,12.045499999999995
514,8.641
515,6.732750000000006
516,2.283999999999999
517,16.250249999999994
518,10.80975
519,6.274000000000004
520,12.350000000000005
521,9.813250000000018
522,-0.6395000000000006
523,13.951000000000015
524,14.966249999999992
525,2.8610000000000007
526,27.955000000000013
527,0.22774999999999987
528,18.24125
529,19.432750000000016
530,2.367499999999997
531,0.1710000000000001
532,15.401999999999985
533,19.79200000000002
534,10.701500000000015
535,14.242250000000022
536,10.595500000000008
537,-0.27799999999999964
538,2.4810000000000034
539,19.97325
540,11.754499999999998
541,10.026499999999997
542,8.330499999999994
543,6.662749999999996
544,0.04049999999999983
545,7.3004999999999916
546,-2.6939999999999973
547,7.683999999999989
548,23.563750000000038
549,11.300250000000004
550,5.574250000000003
551,9.964500000000005
552,-1.4517500000000012
553,-1.2302500000000016
554,5.560999999999998
555,1.6679999999999993
556,1.926000000000001
557,0.15574999999999992
558,5.006249999999997
559,1.2420000000000018
560,15.63
561,1.6962500000000011
562,4.683000000000006
563,16.30374999999999
564,6.599750000000005
565,4.047499999999994
566,0.3230000000000001
567,23.505000000000006
568,11.291250000000012
569,15.454499999999996
570,16.24499999999999
571,1.0725000000000018
572,3.338500000000008
573,25.079750000000008
574,12.395250000000008
575,3.0537500000000017
576,9.668250000000018
577,20.83375000000001
578,14.637000000000008
579,8.27075
580,0.8154999999999992
581,7.280499999999997
582,5.205749999999998
583,9.76749999999999
584,14.68574999999999
585,18.154499999999988
586,21.657249999999994
587,19.783999999999967
588,12.272000000000002
589,1.3402499999999995
590,0.7587499999999995
591,8.135249999999996
592,10.825750000000019
593,7.379999999999999
594,17.464000000000013
595,20.94299999999998
596,6.522999999999997
597,14.602749999999984
598,23.634499999999985
599,17.764000000000006
600,19.172749999999997
601,2.82025
602,18.7725
603,13.609250000000014
604,0.23250000000000007
605,9.057250000000005
606,7.361499999999999
607,15.312250000000006
608,17.366249999999997
609,10.710000000000006
610,-0.6365000000000002
611,7.777500000000001
612,18.936750000000004
613,2.0520000000000014
614,11.285999999999994
615,2.3100000000000027
616,11.721000000000004
617,5.477749999999995
618,15.8665
619,-0.7137500000000003
620,18.40525000000002
621,1.4085000000000014
622,9.445999999999996
623,22.031000000000027
624,11.741750000000017
625,16.608250000000005
626,4.491249999999996
627,14.21275000000001
628,4.208499999999999
629,0.5540000000000006
630,0.18900000000000033
631,11.802250000000013
632,2.3070000000000004
633,4.6514999999999995
634,16.620000000000008
635,8.763250000000014
636,14.339499999999981
637,5.763000000000002
638,9.045249999999996
639,2.4657500000000003
640,16.981000000000005
641,7.625499999999997
642,10.178500000000012
643,4.359749999999999
644,21.28774999999997
645,2.149749999999998
646,8.363749999999996
647,12.162750000000017
648,3.0762500000000004
649,2.7069999999999994
650,14.087500000000011
651,8.295499999999993
652,8.38699999999999
653,11.829000000000006
654,18.376499999999975
655,3.7695000000000003
656,0.5567500000000006
657,6.0277500000000055
658,6.839499999999996
659,12.138250000000005
660,3.9604999999999997
661,13.864749999999992
662,6.372499999999997
663,15.8545
664,-2.417999999999998
665,14.661749999999989
666,9.903750000000013
667,26.031250000000018
668,9.679750000000002
669,-0.19074999999999978
670,24.842749999999995
671,6.422749999999994
672,12.365499999999992
673,19.429250000000014
674,17.66324999999997
675,19.350250000000024
676,17.509249999999977
677,0.0012500000000000178
678,7.454250000000003
679,6.731249999999994
680,7.124000000000004
681,7.794999999999995
682,6.897249999999998
683,-0.6980000000000008
684,1.7252499999999997
685,17.738000000000003
686,7.699000000000002
687,11.822000000000012
688,9.370999999999999
689,6.013249999999996
690,18.25625000000001
691,-3.905000000000005
692,12.4275
693,19.138500000000008
694,7.748999999999994
695,1.507499999999999
696,17.143999999999995
697,9.527250000000011
698,18.658749999999994
699,21.185750000000013
700,10.6995
701,20.011749999999996
702,6.340500000000005
703,0.8854999999999995
704,22.661250000000006
705,22.633750000000013
706,5.913999999999999
707,23.465500000000006
708,4.836000000000006
709,7.545999999999999
710,13.969999999999995
711,10.422250000000009
712,-0.46675000000000016
713,12.025500000000005
714,12.81325
715,17.613250000000004
716,16.57274999999998
717,18.50575
718,13.806749999999997
719,-2.3264999999999993
720,-3.2384999999999984
721,-0.09025000000000015
722,17.30575000000001
723,24.80724999999999
724,6.385749999999996
725,15.25025000000001
726,16.567749999999982
727,6.799750000000009
728,6.668999999999998
729,12.96699999999999
730,7.8452500000000125
731,4.930749999999998
732,14.327499999999992
733,6.168249999999995
734,28.12549999999997
735,4.90175
736,2.4075000000000024
737,13.145750000000026
738,7.859500000000008
739,2.5320000000000014
740,3.6092499999999963
741,16.047500000000003
742,11.78649999999999
743,-0.5105
744,20.403
745,18.284499999999987
746,10.765749999999993
747,13.973749999999997
748,9.520000000000005
749,18.87500000000002
750,16.20425
751,8.67875000000001
752,2.4777500000000026
753,3.0275000000000016
754,2.0295
755,4.9552499999999995
756,22.12875000000001
757,-0.6547499999999996
758,20.98250000000002
759,11.1845
760,1.82925
761,0.4992500000000008
762,21.060750000000002
763,19.53800000000004
764,-0.9295000000000018
765,-0.6640000000000009
766,8.184
767,25.554750000000034
768,13.231500000000015
769,21.74475000000003
770,15.742749999999985
771,19.59825
772,6.849249999999994
773,14.113749999999996
774,25.328750000000017
775,17.739500000000003
776,6.7465000000000055
777,0.9585000000000015
778,-3.2287500000000007
779,24.858499999999996
780,10.59000000000001
781,5.277000000000006
782,1.4595000000000014
783,16.589750000000016
784,10.430000000000014
785,22.717750000000006
786,10.922250000000037
787,15.248499999999993
788,17.499750000000027
789,18.790249999999993
790,-2.2137500000000028
791,23.024250000000002
792,2.7232499999999984
793,15.252999999999991
794,14.431499999999986
795,13.832250000000005
796,13.199000000000014
797,20.717000000000017
798,16.547749999999997
799,8.030500000000002
800,8.217750000000002
801,17.28825
802,13.759999999999991
803,15.835000000000004
804,6.965500000000002
805,3.8357499999999956
806,6.962999999999999
807,-1.45925
808,-0.6637500000000003
809,7.2762500000000125
810,16.55075
811,18.411000000000016
812,13.43425000000001
813,-1.071000000000001
814,17.90000000000001
815,2.283500000000001
816,4.179749999999998
817,4.289749999999999
818,10.311000000000018
819,18.45199999999997
820,2.5210000000000026
821,16.642750000000024
822,6.778750000000005
823,22.980750000000047
824,13.351749999999997
825,5.393249999999999
826,15.620000000000006
827,10.043999999999999
828,11.92099999999999
829,6.0605000000000055
830,13.899249999999988
831,2.1835000000000018
832,21.02025000000002
833,21.718500000000002
834,17.9825
835,0.9287500000000002
836,3.4539999999999997
837,17.751500000000032
838,18.75049999999999
839,3.1467499999999995
840,2.6797500000000003
841,0.8137499999999982
842,11.22375000000001
843,19.232750000000024
844,18.924750000000007
845,10.599000000000014
846,-0.7827499999999995
847,11.263999999999994
848,4.297000000000001
849,0.6752499999999997
850,19.215500000000038
851,-2.607500000000002
852,13.976249999999999
853,-0.13499999999999962
854,1.7592500000000018
855,10.849500000000004
856,7.3837499999999965
857,6.4072499999999915
858,16.563
859,2.063250000000001
860,17.590749999999996
861,7.8509999999999955
862,13.163250000000012
863,9.018250000000002
864,27.082750000000015
865,16.719999999999988
866,27.574749999999984
867,22.168999999999986
868,19.356000000000037
869,11.035249999999989
870,20.947750000000006
871,7.945499999999993
872,2.9560000000000013
873,7.395499999999998
874,7.427749999999991
875,1.65875
876,2.431500000000001
877,13.0045
878,10.613749999999998
879,7.094000000000003
880,5.387
881,4.91
882,17.553000000000004
883,14.230750000000016
884,14.521749999999997
885,3.6525000000000016
886,-1.0287500000000005
887,15.523499999999979
888,21.92825
889,6.076750000000008
890,4.118750000000002
891,-0.7217500000000006
892,12.02825
893,0.5702499999999993
894,2.0680000000000023
895,1.6272500000000014
896,19.66250000000002
897,-4.528999999999999
898,5.451749999999997
899,-1.315
900,11.775750000000015
901,28.50349999999997
902,-2.507500000000004
903,-7.175499999999989
904,0.7397499999999986
905,22.321250000000013
906,10.93600000000001
907,15.933
908,-2.336250000000003
909,12.243749999999999
910,9.812500000000007
911,3.62225
912,5.506749999999999
913,25.773000000000028
914,4.5015000000000045
915,7.760999999999982
916,26.735750000000003
917,7.0780000000000065
918,9.152499999999995
919,23.963500000000007
920,7.729250000000002
921,1.0850000000000006
922,14.436249999999982
923,18.64925
924,7.615750000000005
925,17.744250000000015
926,16.557250000000007
927,16.943750000000012
928,21.341250000000013
929,22.338999999999988
930,18.029999999999994
931,17.635500000000008
932,0.8962499999999995
933,3.8015000000000003
934,8.594250000000004
935,10.782250000000017
936,2.7092500000000017
937,11.111749999999997
938,16.305749999999993
939,17.244750000000014
940,1.950750000000002
941,23.385250000000024
942,5.812250000000001
943,-0.7654999999999993
944,9.059750000000001
945,23.302750000000024
946,-1.0949999999999986
947,17.75725000000001
948,11.514750000000001
949,3.5454999999999997
950,5.383499999999994
951,7.266749999999997
952,0.9607500000000004
953,8.460250000000004
954,10.304250000000007
955,12.746499999999996
956,-0.34625000000000034
957,-3.3919999999999995
958,3.497249999999998
959,3.8717500000000005
960,3.751999999999999
961,8.225249999999994
962,12.675750000000004
963,-1.2907500000000016
964,20.7875
965,-0.075
966,1.9737499999999986
967,8.821999999999997
968,5.605499999999998
969,20.1495
970,7.0002500000000065
971,19.63650000000001
972,13.139000000000001
973,8.75550000000002
974,21.11025000000001
975,0.3407500000000004
976,6.500000000000005
977,23.989999999999995
978,16.624000000000034
979,11.786999999999985
980,17.37125000000002
981,17.92550000000001
982,14.737749999999988
983,13.17924999999999
984,7.504499999999997
985,7.059249999999995
986,-2.8209999999999997
987,-0.82225
988,10.956750000000007
989,1.6037500000000002
990,8.407000000000007
991,6.9849999999999985
992,10.406749999999999
993,11.194749999999988
994,11.107250000000006
995,3.5962500000000013
996,24.09275000000001
997,12.48650000000001
998,18.048000000000005
999,-1.4810000000000008
1000,28.137500000000045
1001,20.5025
1002,19.24625000000001
1003,15.080749999999997
1004,13.552499999999991
1005,-0.30200000000000005
1006,-0.7077500000000014
1007,11.291499999999978
1008,20.422499999999964
1009,11.579000000000013
1010,7.539750000000003
1011,2.222999999999997
1012,-0.3160000000000003
1013,12.192250000000007
1014,10.694250000000011
1015,5.651750000000001
1016,4.216
1017,8.977749999999983
1018,15.410749999999977
1019,2.577499999999997
1020,3.744
1021,3.1395
1022,22.27949999999998
1023,0.4139999999999997
1024,-0.04375
1025,-0.3292499999999997
1026,-0.5520000000000005
1027,8.902500000000009
1028,21.426249999999992
1029,11.801250000000012
1030,17.16775000000002
1031,22.82850000000003
1032,15.224250000000001
1033,23.075999999999993
1034,16.77625
1035,13.692749999999998
1036,6.881000000000007
1037,13.298250000000012
1038,12.431000000000008
1039,18.856250000000003
1040,17.706749999999996
1041,12.223000000000013
1042,8.864249999999997
1043,0.41625000000000023
1044,0.8992499999999994
1045,2.6912499999999984
1046,10.960499999999998
1047,10.898000000000001
1048,29.668499999999952
1049,6.213000000000002
1050,7.751249999999994
1051,14.505999999999998
1052,0.26275000000000015
1053,6.73775
1054,2.824500000000001
1055,7.964249999999998
1056,15.113750000000005
1057,3.3304999999999993
1058,11.185750000000011
1059,11.12975000000001
1060,6.837750000000003
1061,17.344000000000005
1062,5.585000000000001
1063,12.619500000000006
1064,1.1630000000000003
1065,14.420750000000014
1066,13.785249999999985
1067,8.161499999999998
1068,19.997500000000024
1069,27.50400000000001
1070,15.998749999999998
1071,3.0372500000000016
1072,19.510750000000012
1073,6.898750000000004
1074,1.8327499999999992
1075,6.471749999999989
1076,20.555999999999994
1077,10.731750000000028
1078,0.8039999999999992
1079,20.268250000000002
1080,5.578999999999999
1081,7.794249999999994
1082,-1.7217500000000012
1083,6.903499999999992
1084,1.983250000000002
1085,16.610750000000003
1086,2.133000000000001
1087,4.950999999999998
1088,3.0997500000000002
1089,4.028500000000002
1090,18.961749999999995
1091,18.93475000000002
1092,11.987000000000005
1093,21.19899999999999
1094,26.484249999999964
1095,15.065499999999995
1096,1.9272500000000008
1097,1.7262500000000012
1098,8.389249999999993
1099,5.06675
1100,6.218000000000002
1101,3.4142499999999973
1102,-0.8190000000000015
1103,0.09950000000000009
1104,4.966249999999997
1105,3.0064999999999986
1106,17.469499999999996
1107,10.005500000000007
1108,5.043000000000002
1109,9.437999999999994
1110,17.42124999999999
1111,2.0485000000000015
1112,17.518249999999988
1113,-3.0752499999999965
1114,1.4922500000000014
1115,2.5102500000000028
1116,22.684749999999994
1117,13.91375
1118,16.770249999999997
1119,16.841000000000008
1120,5.456999999999996
1121,7.420500000000004
1122,12.592250000000014
1123,10.2
1124,17.016750000000002
1125,6.340000000000007
1126,17.163500000000003
1127,20.589250000000014
1128,11.860749999999994
1129,21.245750000000022
1130,15.68275
1131,0.4427499999999992
1132,26.531999999999986
1133,15.303500000000012
1134,1.7360000000000035
1135,5.070750000000005
1136,15.630499999999957
1137,-0.48750000000000004
1138,3.529499999999999
1139,23.61750000000002
1140,22.195999999999973
1141,0.42900000000000027
1142,11.955250000000012
1143,5.8134999999999994
1144,24.586000000000016
1145,10.722249999999992
1146,20.892999999999997
1147,8.038000000000007
1148,4.8507500000000014
1149,8.14599999999999
1150,5.735749999999997
1151,28.985499999999966
1152,21.711749999999974
1153,2.1310000000000047
1154,6.140500000000003
1155,14.116749999999978
1156,26.043499999999984
1157,2.426750000000001
1158,4.331250000000001
1159,13.050750000000003
1160,12.289000000000003
1161,7.827999999999996
1162,21.675
1163,4.926999999999998
1164,25.033250000000002
1165,13.673750000000005
1166,10.168250000000006
1167,13.882500000000002
1168,14.511500000000023
1169,13.060750000000006
1170,1.207749999999999
1171,4.572500000000004
1172,-0.9205000000000002
1173,7.8452500000000045
1174,11.847249999999995
1175,3.969499999999993
1176,23.254250000000066
1177,11.893000000000006
1178,1.232249999999998
1179,11.442499999999995
1180,23.66575
1181,9.35075
1182,18.735000000000028
1183,21.005
1184,12.528250000000016
1185,16.61925
1186,22.47450000000002
1187,-0.18775000000000014
1188,-1.401
1189,15.780750000000005
1190,2.3799999999999994
1191,12.58949999999998
1192,9.589750000000004
1193,7.787499999999992
1194,13.582499999999982
1195,0.6344999999999991
1196,4.4282499999999985
1197,6.449000000000009
1198,16.036749999999987
1199,16.861250000000005
1200,8.94650000000001
1201,1.2604999999999997
1202,16.173000000000005
1203,11.539500000000002
1204,5.3399999999999945
1205,1.2449999999999997
1206,16.675250000000027
1207,14.151000000000026
1208,13.39949999999999
1209,7.155999999999993
1210,-2.608750000000001
1211,3.9832499999999986
1212,10.065999999999995
1213,0.053500000000000075
1214,15.439999999999992
1215,10.092999999999996
1216,13.659250000000002
1217,31.290499999999955
1218,5.524499999999996
1219,21.151000000000035
1220,19.22699999999999
1221,21.55325
1222,18.46525
1223,18.668750000000003
1224,21.029750000000007
1225,0.8434999999999995
1226,2.8180000000000045
1227,10.884750000000002
1228,22.7145
1229,7.253249999999993
1230,11.700500000000007
1231,0.17650000000000002
1232,20.724500000000003
1233,5.762500000000001
1234,8.240749999999998
1235,13.691250000000009
1236,7.435000000000003
1237,7.1097500000000045
1238,13.232999999999999
1239,4.881250000000001
1240,15.32425
1241,20.343749999999996
1242,8.753999999999998
1243,23.387750000000004
1244,7.785749999999991
1245,17.168749999999992
1246,19.337999999999976
1247,20.995750000000022
1248,3.7340000000000004
1249,8.347750000000003
1250,-4.5799999999999965
1251,1.1722500000000002
1252,11.335250000000004
1253,16.833250000000003
1254,3.979749999999998
1255,16.316999999999993
1256,-1.843999999999997
1257,2.6235000000000017
1258,15.73799999999999
1259,20.226000000000013
1260,21.01050000000001
1261,3.118249999999999
1262,14.889999999999992
1263,0.36475000000000013
1264,14.207500000000005
1265,8.621249999999996
1266,7.605250000000003
1267,-1.1017499999999993
1268,19.18825000000001
1269,24.548999999999978
1270,16.78575
1271,22.916249999999994
1272,7.672249999999995
1273,3.8667499999999997
1274,19.528500000000005
1275,21.959000000000014
1276,7.006000000000001
1277,24.22724999999999
1278,24.03125
1279,5.858249999999997
1280,15.728999999999992
1281,3.1415000000000055
1282,16.094499999999993
1283,9.330749999999995
1284,11.704500000000017
1285,18.132750000000016
1286,0.5952500000000004
1287,13.741749999999989
1288,11.653750000000002
1289,5.038000000000004
1290,19.236750000000015
1291,16.577000000000012
1292,-3.7740000000000005
1293,23.674000000000007
1294,1.138000000000002
1295,3.387250000000001
1296,16.996749999999977
1297,20.639500000000027
1298,14.352999999999984
1299,8.88075
1300,0.7667500000000003
1301,15.81975
1302,10.603250000000017
1303,-1.6019999999999999
1304,2.6785000000000023
1305,0.20300000000000004
1306,0.6039999999999985
1307,8.044999999999993
1308,19.79050000000002
1309,2.9462500000000023
1310,25.014000000000024
1311,1.845249999999998
1312,-1.1130000000000007
1313,-0.5559999999999998
1314,-0.6767500000000006
1315,15.208750000000007
1316,21.522250000000028
1317,18.56649999999999
1318,24.097749999999998
1319,-7.3315
1320,14.941749999999992
1321,5.117750000000003
1322,13.245499999999998
1323,14.432749999999984
1324,8.097999999999999
1325,5.4595
1326,11.792500000000008
1327,16.433999999999997
1328,-4.075750000000003
1329,1.3752500000000005
1330,16.63200000000001
1331,10.668500000000016
1332,16.80425
1333,0.9017499999999985
1334,11.87525000000001
1335,0.45300000000000024
1336,7.379250000000001
1337,7.183249999999988
1338,1.3774999999999997
1339,-0.5897500000000003
1340,19.066000000000003
1341,16.156000000000013
1342,13.233000000000002
1343,17.046999999999997
1344,0.7767500000000012
1345,11.291250000000009
1346,0.44949999999999923
1347,10.427500000000004
1348,-2.6907499999999964
1349,6.733499999999997
1350,17.33025
1351,13.62874999999999
1352,4.285749999999996
1353,1.958750000000001
1354,11.3125
1355,14.745999999999983
1356,7.469749999999996
1357,14.35525000000002
1358,7.388249999999996
1359,20.834750000000014
1360,14.910999999999984
1361,-9.753750000000032
1362,28.480749999999972
1363,9.236250000000005
1364,8.637499999999994
1365,0.7494999999999995
1366,16.268250000000002
1367,19.48274999999997
1368,18.017000000000007
1369,12.040500000000002
1370,19.271250000000016
1371,24.020250000000015
1372,4.827250000000005
1373,9.660750000000013
1374,8.205000000000009
1375,5.940999999999997
1376,17.767750000000007
1377,7.5199999999999925
1378,2.506499999999997
1379,4.4860000000000015
1380,13.049749999999992
1381,2.507999999999999
1382,17.363249999999983
1383,5.534000000000003
1384,-0.46149999999999997
1385,20.389500000000012
1386,-1.7010000000000018
1387,4.331250000000001
1388,4.847000000000003
1389,11.355750000000002
1390,13.557749999999968
1391,3.1905000000000037
1392,18.500749999999993
1393,7.491750000000004
1394,9.618000000000016
1395,4.1945000000000014
1396,2.4174999999999978
1397,0.40624999999999994
1398,13.511500000000005
1399,17.156750000000002
1400,13.050999999999995
1401,1.1585000000000008
1402,16.614749999999994
1403,6.475500000000004
1404,6.756000000000001
1405,6.235250000000004
1406,7.297
1407,3.7960000000000025
1408,14.25300000000001
1409,18.99099999999999
1410,3.3050000000000006
1411,3.216499999999998
1412,25.340000000000003
1413,8.49175000000001
1414,1.6397500000000014
1415,5.853
1416,29.069999999999954
1417,16.7715
1418,10.707750000000008
1419,-2.1122500000000017
1420,0.7090000000000003
1421,1.2942500000000008
1422,12.084499999999986
1423,18.3455
1424,8.590000000000002
1425,-1.3800000000000003
1426,18.94625000000001
1427,14.07574999999998
1428,16.65224999999998
1429,18.81350000000002
1430,2.7924999999999995
1431,11.565000000000008
1432,14.334249999999992
1433,16.848250000000004
1434,8.153000000000002
1435,8.30775000000001
1436,15.811750000000009
1437,29.049999999999997
1438,21.66800000000001
1439,3.9620000000000015
1440,18.95274999999999
1441,23.305000000000028
1442,3.2647499999999985
1443,16.131499999999996
1444,22.829750000000004
1445,7.887999999999992
1446,3.1702499999999985
1447,10.851000000000015
1448,-1.6717499999999996
1449,14.938749999999995
1450,18.16875000000001
1451,15.917750000000003
1452,23.506500000000024
1453,6.111500000000003
1454,11.409749999999995
1455,2.918750000000001
1456,6.056749999999995
1457,2.307749999999998
1458,1.5415000000000012
1459,13.010500000000002
1460,1.7682499999999999
1461,8.059000000000003
1462,15.857999999999999
1463,-2.9022500000000013
1464,14.400000000000004
1465,9.69275000000001
1466,4.668749999999994
1467,21.022999999999993
1468,-0.8627500000000008
1469,0.2849999999999999
1470,3.3579999999999974
1471,7.110249999999997
1472,10.803750000000015
1473,22.831249999999997
1474,9.022750000000002
1475,9.585499999999998
1476,12.002000000000008
1477,13.030250000000018
1478,20.128500000000017
1479,2.1784999999999983
1480,21.47575000000001
1481,0.9755000000000001
1482,17.82100000000001
1483,10.539750000000005
1484,20.066500000000016
1485,6.314249999999988
1486,14.569749999999981
1487,23.647999999999993
1488,4.98925
1489,9.025500000000013
1490,-0.28974999999999995
1491,5.298750000000008
1492,13.539750000000003
1493,1.8310000000000004
1494,2.8072500000000007
1495,11.532250000000008
1496,25.341750000000015
1497,7.725749999999994
1498,12.142000000000023
1499,8.247499999999997
1500,12.994249999999987
1501,12.260499999999995
1502,7.304500000000008
1503,12.121500000000012
1504,-0.8262499999999993
1505,2.6325
1506,-1.8872499999999977
1507,-0.6795000000000008
1508,27.570499999999996
1509,14.53450000000001
1510,10.724500000000011
1511,3.2627499999999987
1512,3.492749999999997
1513,20.736750000000026
1514,8.138499999999997
1515,2.98275
1516,20.79850000000002
1517,18.720500000000012
1518,8.156499999999989
1519,22.19375
1520,16.306500000000007
1521,16.52949999999999
1522,8.55700000000001
1523,23.151000000000053
1524,3.4304999999999986
1525,23.81075
1526,8.589999999999996
1527,5.673499999999997
1528,6.192499999999996
1529,12.84649999999999
1530,14.483249999999996
1531,10.315000000000007
1532,19.87875000000002
1533,11.292250000000006
1534,-0.06850000000000006
1535,18.176500000000015
1536,-1.7465000000000013
1537,23.625250000000033
1538,6.678
1539,17.26850000000002
1540,7.1245
1541,2.3417499999999962
1542,6.4445000000000086
1543,7.681249999999995
1544,8.015250000000007
1545,14.69625000000001
1546,9.754250000000006
1547,2.8325
1548,3.1904999999999966
1549,15.85249999999999
1550,6.123000000000004
1551,2.9917500000000006
1552,2.899000000000005
1553,-0.17825
1554,11.182000000000007
1555,-4.118
1556,15.409499999999996
1557,12.876249999999992
1558,10.139500000000009
1559,18.58850000000002
1560,16.660000000000007
1561,12.523499999999999
1562,6.321750000000003
1563,4.674000000000001
1564,13.447000000000013
1565,11.98100000000001
1566,3.5377499999999973
1567,11.9295
1568,10.65575000000001
1569,4.424250000000002
1570,15.67199999999999
1571,4.381250000000001
1572,10.847250000000004
1573,10.738000000000007
1574,13.150249999999982
1575,25.61225
1576,-0.74375
1577,0.9309999999999999
1578,-1.9082500000000016
1579,14.086250000000009
1580,17.66000000000003
1581,3.8092500000000005
1582,20.705250000000007
1583,7.9309999999999965
1584,18.209999999999997
1585,18.611749999999994
1586,4.126750000000001
1587,4.734749999999997
1588,26.397249999999985
1589,18.072500000000012
1590,0.7069999999999993
1591,9.647000000000007
1592,16.10075
1593,16.151499999999988
1594,6.5157499999999935
1595,26.566250000000014
1596,30.902499999999964
1597,0.8974999999999994
1598,15.284249999999995
1599,5.36775
1600,1.1377499999999994
1601,19.215000000000014
1602,-0.18175000000000016
1603,-2.4759999999999995
1604,17.190499999999997
1605,26.71525000000003
1606,8.546750000000007
1607,19.772500000000004
1608,23.176999999999985
1609,4.839750000000002
1610,15.274749999999997
1611,27.908250000000006
1612,17.978000000000012
1613,6.231000000000002
1614,19.970749999999995
1615,12.697000000000001
1616,16.23775000000001
1617,0.46825000000000017
1618,3.0877499999999984
1619,9.534750000000004
1620,-0.09425000000000004
1621,22.015999999999995
1622,0.640499999999999
1623,0.9404999999999992
1624,10.167500000000008
1625,18.169249999999998
1626,10.997500000000024
1627,15.549499999999991
1628,16.73050000000002
1629,-0.5260000000000004
1630,22.272999999999982
1631,16.89950000000001
1632,15.063500000000001
1633,5.2
1634,19.20800000000001
1635,17.591500000000018
1636,15.062749999999985
1637,-1.049000000000002
1638,2.5820000000000003
1639,22.826000000000022
1640,14.315749999999989
1641,5.255999999999997
1642,16.29375
1643,25.59799999999999
1644,14.042999999999985
1645,0.6352500000000004
1646,12.18625
1647,28.678749999999972
1648,19.605250000000023
1649,23.078000000000028
1650,9.273250000000008
1651,13.144500000000003
1652,8.494000000000009
1653,20.920250000000014
1654,17.4915
1655,9.28125000000001
1656,19.970500000000012
1657,2.6264999999999974
1658,10.822500000000012
1659,11.324000000000007
1660,14.170250000000008
1661,18.93625000000001
1662,17.54975000000001
1663,1.7012500000000008
1664,1.8355000000000006
1665,-0.42625000000000063
1666,5.523499999999999
1667,12.995249999999988
1668,28.617749999999987
1669,10.66150000000001
1670,-0.8680000000000008
1671,4.133749999999994
1672,17.056000000000004
1673,16.620000000000005
1674,20.329999999999984
1675,1.8224999999999982
1676,21.76625000000005
1677,1.3405000000000007
1678,11.128500000000004
1679,8.851500000000001
1680,20.91575
1681,15.384249999999986
1682,6.548250000000007
1683,20.278249999999982
1684,10.639500000000009
1685,0.2562499999999998
1686,20.407249999999994
1687,11.589250000000003
1688,0.6269999999999999
1689,13.37874999999999
1690,11.35875000000001
1691,6.2929999999999895
1692,15.857749999999974
1693,12.940750000000014
1694,17.15325
1695,7.195749999999988
1696,3.800999999999998
1697,12.648
1698,18.043000000000013
1699,11.922750000000008
1700,-0.6957500000000006
1701,3.039500000000006
1702,8.006250000000001
1703,2.348500000000001
1704,-0.06374999999999982
1705,1.3467500000000003
1706,3.2017500000000005
1707,1.2357500000000008
1708,7.261000000000008
1709,14.587749999999982
1710,6.906250000000003
1711,16.553999999999984
1712,4.197000000000002
1713,16.994499999999988
1714,10.841000000000006
1715,3.262250000000002
1716,1.7629999999999995
1717,11.604250000000018
1718,25.433750000000035
1719,27.183000000000014
1720,15.546750000000014
1721,5.970249999999992
1722,-3.2574999999999976
1723,19.228249999999992
1724,2.2245000000000013
1725,0.3300000000000001
1726,8.083749999999991
1727,15.346499999999978
1728,8.083499999999999
1729,13.06475000000001
1730,2.2157500000000043
1731,7.169250000000001
1732,14.66424999999999
1733,18.070999999999994
1734,11.134000000000007
1735,5.150250000000001
1736,24.381000000000007
1737,20.40925000000003
1738,11.345249999999986
1739,5.144500000000001
1740,4.906750000000004
1741,12.16875
1742,5.176249999999991
1743,4.379
1744,8.952999999999996
1745,13.258499999999984
1746,24.57250000000001
1747,16.230750000000018
1748,-6.714000000000004
1749,-0.9132500000000006
1750,1.9005000000000003
1751,15.111999999999993
1752,16.762749999999993
1753,9.172749999999997
1754,2.217000000000003
1755,20.63724999999999
1756,4.0845000000000065
1757,16.36350000000001
1758,2.8920000000000026
1759,7.098500000000004
1760,12.359000000000012
1761,7.27425
1762,25.599999999999973
1763,10.08675
1764,5.654249999999999
1765,12.62525
1766,12.003499999999992
1767,9.338750000000003
1768,17.911500000000004
1769,0.6412499999999995
1770,16.746250000000003
1771,-2.480499999999999
1772,21.203749999999985
1773,24.119000000000007
1774,22.61825
1775,4.491999999999997
1776,7.656250000000001
1777,7.8415000000000035
1778,15.301000000000009
1779,19.203000000000007
1780,15.49275
1781,17.508750000000006
1782,5.5344999999999995
1783,14.902999999999986
1784,5.903249999999998
1785,24.06500000000001
1786,11.55000000000001
1787,10.46825000000001
1788,20.114250000000013
1789,4.429250000000006
1790,2.3534999999999995
1791,12.887250000000002
1792,2.6987500000000013
1793,18.43449999999998
1794,3.5062499999999965
1795,5.155750000000001
1796,23.795250000000028
1797,8.624499999999998
1798,13.718250000000003
1799,23.046250000000015
1800,-6.758000000000007
1801,12.539499999999991
1802,28.345749999999985
1803,20.027999999999984
1804,13.810750000000011
1805,17.87725
1806,13.49125
1807,-6.054250000000008
1808,20.127500000000037
1809,6.729000000000001
1810,18.12049999999999
1811,7.23775
1812,14.078499999999977
1813,15.022749999999995
1814,-0.2125000000000001
1815,-5.247499999999997
1816,16.720249999999997
1817,6.316499999999999
1818,6.187749999999995
1819,3.915000000000002
1820,19.074000000000016
1821,6.394500000000004
1822,4.1394999999999955
1823,4.742
1824,12.049750000000012
1825,17.454250000000012
1826,18.663499999999996
1827,11.652500000000007
1828,11.525000000000013
1829,8.353999999999994
1830,-1.2224999999999986
1831,17.658750000000012
1832,7.897499999999997
1833,3.845250000000003
1834,14.211749999999997
1835,1.433
1836,17.18125
1837,16.09599999999999
1838,10.796250000000008
1839,24.596749999999982
1840,7.630250000000001
1841,13.044749999999999
1842,8.162249999999998
1843,4.190500000000001
1844,2.3997499999999996
1845,4.24375
1846,-1.5632500000000005
1847,-3.350250000000006
1848,7.771250000000002
1849,28.008249999999993
1850,7.054499999999995
1851,2.358499999999998
1852,14.351000000000015
1853,16.30950000000001
1854,11.025500000000012
1855,8.227000000000006
1856,4.253750000000002
1857,17.562749999999998
1858,14.90375
1859,10.056500000000014
1860,7.656000000000002
1861,-1.013500000000001
1862,18.52675000000003
1863,9.769750000000014
1864,6.8052500000000045
1865,16.434000000000005
1866,-2.675000000000004
1867,0.3905000000000001
1868,15.236999999999993
1869,12.049499999999998
1870,10.092750000000006
1871,25.51275000000001
1872,16.392249999999997
1873,9.169750000000008
1874,0.7379999999999982
1875,4.331999999999995
1876,13.400499999999992
1877,20.04425000000001
1878,16.279499999999985
1879,8.157000000000009
1880,10.20525000000002
1881,8.82099999999999
1882,22.35525000000001
1883,2.117749999999999
1884,18.579250000000002
1885,7.3770000000000024
1886,19.462000000000018
1887,14.999249999999982
1888,7.285749999999992
1889,6.698249999999999
1890,1.110249999999999
1891,6.696750000000001
1892,9.025500000000003
1893,13.51225
1894,20.28774999999999
1895,16.900750000000006
1896,-4.062999999999999
1897,11.327750000000005
1898,15.66950000000001
1899,18.51525000000001
1900,1.7470000000000008
1901,5.075499999999996
1902,4.8317499999999995
1903,7.28625
1904,4.170499999999997
1905,22.251250000000024
1906,21.39025
1907,-2.1777499999999996
1908,11.888250000000001
1909,1.5895000000000004
1910,1.5244999999999995
1911,15.42825000000001
1912,4.273249999999999
1913,6.756500000000002
1914,2.4787500000000007
1915,8.10675
1916,25.790750000000024
1917,4.569500000000001
1918,-0.20724999999999968
1919,5.638249999999998
1920,7.169250000000001
1921,5.945249999999996
1922,12.946000000000005
1923,6.639750000000005
1924,0.7457500000000001
1925,20.03124999999999
1926,11.242750000000001
1927,10.001250000000013
1928,5.7845
1929,16.546750000000003
1930,19.31324999999997
1931,-1.04925
1932,18.75624999999998
1933,12.943500000000013
1934,23.39275000000003
1935,24.110750000000007
1936,2.2400000000000015
1937,5.276750000000001
1938,10.509749999999995
1939,11.859749999999996
1940,2.6147500000000035
1941,12.36075000000001
1942,-2.266000000000003
1943,12.421000000000014
1944,5.429000000000005
1945,17.540750000000013
1946,17.291750000000008
1947,-0.011749999999999958
1948,-0.5505000000000002
1949,4.011249999999999
1950,-4.1917500000000025
1951,5.6114999999999995
1952,13.981499999999993
1953,14.830499999999997
1954,5.574749999999986
1955,4.0127500000000005
1956,6.81099999999999
1957,7.519500000000007
1958,1.1902499999999987
1959,9.531500000000001
1960,10.025749999999995
1961,13.965499999999997
1962,11.387000000000025
1963,23.858499999999996
1964,0.44974999999999954
1965,13.465499999999993
1966,10.235500000000005
1967,13.309749999999987
1968,8.702500000000004
1969,6.368749999999999
1970,-1.2680000000000013
1971,5.059999999999997
1972,13.561499999999997
1973,20.068749999999987
1974,2.018750000000002
1975,22.955250000000056
1976,15.610999999999988
1977,6.179500000000002
1978,16.497000000000007
1979,13.729000000000006
1980,3.9307499999999975
1981,10.629999999999997
1982,17.474249999999987
1983,3.1380000000000017
1984,-0.7112500000000016
1985,6.545749999999994
1986,5.9912499999999955
1987,18.069249999999965
1988,7.252750000000003
1989,6.250750000000011
1990,7.659249999999999
1991,27.77124999999998
1992,12.156500000000003
1993,17.278500000000022
1994,8.883999999999999
1995,12.365500000000003
1996,3.4687500000000018
1997,15.888249999999994
1998,3.69
1999,15.614749999999994
2000,-5.51325
2001,14.564499999999988
2002,5.658499999999998
2003,23.848000000000006
2004,-0.5112500000000005
2005,10.911750000000007
2006,3.352500000000002
2007,3.7457500000000006
2008,17.175500000000003
2009,25.110000000000035
2010,13.12550000000002
2011,-1.8127499999999985
2012,18.58150000000001
2013,9.381750000000004
2014,7.010750000000004
2015,-0.5339999999999994
2016,1.2599999999999987
2017,7.35675
2018,2.455499999999999
2019,6.902749999999995
2020,6.894500000000001
2021,20.17675
2022,23.35549999999996
2023,32.09224999999994
2024,6.4337499999999945
2025,1.5142499999999997
2026,2.945499999999995
2027,6.160749999999991
2028,2.1912500000000024
2029,16.71874999999999
2030,1.9192500000000012
2031,4.877999999999993
2032,18.46424999999999
2033,2.1820000000000004
2034,12.515750000000008
2035,20.826250000000005
2036,5.9709999999999965
2037,10.1205
2038,12.461250000000016
2039,-4.592499999999994
2040,0.45400000000000007
2041,-0.1985
2042,7.584250000000006
2043,6.252500000000011
2044,21.127000000000013
2045,16.2815
2046,25.2705
2047,8.195250000000005
2048,19.564999999999994
2049,24.724250000000016
2050,15.48124999999999
2051,3.347499999999999
2052,29.794249999999952
2053,5.13025
2054,10.967249999999995
2055,11.494000000000014
2056,9.819000000000013
2057,1.3444999999999996
2058,29.76924999999999
2059,6.973500000000005
2060,-2.309000000000002
2061,3.8614999999999977
2062,11.487250000000007
2063,9.094249999999988
2064,1.9665000000000032
2065,7.01225
2066,-1.3352499999999987
2067,1.9837500000000037
2068,7.486499999999999
2069,-1.6849999999999985
2070,16.674250000000004
2071,14.694749999999985
2072,-0.7079999999999991
2073,2.6895000000000016
2074,2.3730000000000016
2075,10.341500000000007
2076,13.546749999999996
2077,23.23625000000001
2078,26.21725
2079,26.059750000000005
2080,7.807750000000002
2081,8.41675000000001
2082,20.77100000000003
2083,20.702000000000012
2084,2.050499999999999
2085,-1.3217500000000002
2086,14.591250000000004
2087,15.901000000000009
2088,-0.8999999999999997
2089,-1.4867500000000013
2090,-0.9262500000000001
2091,11.92325000000001
2092,17.51675000000002
2093,18.092999999999993
2094,13.426999999999996
2095,-5.740249999999999
2096,14.53399999999997
2097,-0.8852500000000003
2098,12.02774999999999
2099,0.740249999999999
2100,5.369499999999995
2101,13.947999999999988
2102,25.39025
2103,11.313500000000017
2104,6.067000000000004
2105,25.408999999999995
2106,0.33224999999999993
2107,15.146499999999985
2108,15.346999999999998
2109,7.010749999999998
2110,21.646000000000008
2111,8.838750000000013
2112,23.053250000000013
2113,3.2034999999999987
2114,7.926000000000004
2115,12.46575
2116,3.7059999999999995
2117,16.29575000000002
2118,9.492000000000008
2119,28.899249999999984
2120,1.6524999999999992
2121,24.590999999999976
2122,6.687999999999995
2123,7.240500000000005
2124,12.390000000000004
2125,6.269249999999996
2126,19.493000000000023
2127,5.136999999999997
2128,12.637249999999993
2129,19.735250000000022
2130,-0.6635000000000001
2131,11.839000000000008
2132,19.73324999999999
2133,3.542000000000001
2134,4.7109999999999985
2135,16.06025000000001
2136,8.273500000000011
2137,11.123500000000012
2138,10.231500000000022
2139,21.5125
2140,14.654250000000006
2141,16.785499999999992
2142,16.90424999999999
2143,10.130750000000008
2144,13.473000000000008
2145,6.429749999999998
2146,10.060499999999996
2147,6.599500000000001
2148,9.248999999999992
2149,13.952249999999978
2150,5.315999999999987
2151,20.28350000000001
2152,16.473
2153,3.412999999999995
2154,22.62850000000003
2155,16.917499999999997
2156,15.060750000000002
2157,10.046749999999998
2158,3.7472500000000024
2159,15.417749999999998
2160,16.318999999999992
2161,4.869999999999997
2162,7.788000000000006
2163,17.881750000000004
2164,-0.2207499999999999
2165,-6.9755000000000065
2166,15.976500000000003
2167,-1.4815000000000007
2168,6.656999999999995
2169,2.265499999999998
2170,6.595750000000006
2171,3.516250000000004
2172,6.4967500000000005
2173,5.594000000000001
2174,13.336999999999984
2175,16.405749999999998
2176,12.006750000000016
2177,7.397249999999997
2178,7.770000000000014
2179,6.3154999999999974
2180,13.436749999999991
2181,4.0165000000000015
2182,21.834750000000014
2183,7.550999999999999
2184,16.417000000000016
2185,13.416249999999975
2186,7.819499999999992
2187,14.58274999999999
2188,8.140000000000006
2189,14.263500000000004
2190,7.565000000000002
2191,2.338500000000001
2192,3.0584999999999964
2193,2.246499999999996
2194,2.728250000000003
2195,3.702499999999999
2196,7.202749999999997
2197,-1.064000000000003
2198,6.758500000000002
2199,8.491750000000001
2200,6.942749999999994
2201,20.7185
2202,9.272000000000006
2203,11.731000000000009
2204,2.948000000000004
2205,27.550249999999973
2206,9.004000000000003
2207,3.9214999999999973
2208,19.52550000000002
2209,17.873000000000026
2210,17.93774999999999
2211,9.761500000000014
2212,8.372750000000002
2213,21.266750000000005
2214,10.156250000000023
2215,3.1187499999999995
2216,3.1165
2217,2.3507500000000023
2218,4.718499999999998
2219,5.041750000000004
2220,15.507249999999994
2221,-3.0657500000000026
2222,22.356500000000015
2223,6.5502499999999895
2224,7.039750000000013
2225,26.325500000000012
2226,1.305
2227,22.661750000000016
2228,-0.23
2229,2.5234999999999994
2230,12.622500000000004
2231,-2.0034999999999985
2232,-1.5425
2233,7.587250000000004
2234,2.7987499999999983
2235,9.960000000000004
2236,17.050250000000016
2237,11.216250000000008
2238,10.180750000000002
2239,15.855999999999993
2240,0.7162499999999996
2241,7.877750000000001
2242,11.016000000000002
2243,6.314750000000008
2244,-0.36174999999999985
2245,1.0207500000000014
2246,17.665250000000007
2247,6.143500000000001
2248,21.091500000000018
2249,6.37425000000001
2250,2.4939999999999958
2251,15.467499999999994
2252,6.706249999999996
2253,20.866249999999983
2254,13.293749999999994
2255,19.58174999999999
2256,13.629249999999999
2257,17.93399999999999
2258,4.411999999999997
2259,3.1650000000000027
2260,-1.6527499999999986
2261,-0.44825000000000037
2262,13.244500000000002
2263,4.781249999999996
2264,-0.14750000000000002
2265,0.7364999999999994
2266,0.6527499999999992
2267,13.620999999999988
2268,15.657750000000004
2269,9.755500000000014
2270,17.933500000000002
2271,15.120250000000004
2272,19.939500000000038
2273,16.31075
2274,6.865499999999994
2275,4.559250000000005
2276,13.01875
2277,9.488999999999999
2278,9.208000000000006
2279,15.177250000000004
2280,17.120999999999995
2281,7.550250000000002
2282,8.343250000000005
2283,8.320249999999993
2284,10.156750000000004
2285,3.234999999999997
2286,6.897249999999996
2287,1.5290000000000006
2288,3.6637500000000016
2289,14.673000000000023
2290,10.97575000000003
2291,11.161750000000016
2292,14.665499999999998
2293,-1.2577500000000008
2294,0.7647499999999999
2295,16.575000000000006
2296,7.839999999999998
2297,1.7282500000000018
2298,25.85599999999998
2299,7.534749999999999
2300,7.6227500000000035
2301,-0.6342500000000004
2302,5.5382500000000086
2303,10.147250000000009
2304,17.69825000000001
2305,14.819999999999993
2306,-6.612499999999992
2307,15.384999999999991
2308,17.519250000000003
2309,8.318250000000008
2310,1.782999999999999
2311,3.816250000000004
2312,3.1329999999999982
2313,16.90000000000001
2314,-1.5042499999999988
2315,6.288750000000002
2316,0.6355000000000002
2317,11.011750000000012
2318,9.18800000000001
2319,16.967000000000013
2320,25.633500000000023
2321,14.059250000000002
2322,4.787999999999993
2323,12.722750000000008
2324,9.749750000000006
2325,10.108999999999993
2326,9.840750000000003
2327,3.3234999999999983
2328,10.145999999999988
2329,31.645999999999976
2330,4.059000000000004
2331,10.20925000000001
2332,4.581
2333,9.101749999999988
2334,12.512249999999995
2335,7.518000000000008
2336,3.9302500000000027
2337,19.554750000000027
2338,18.190249999999985
2339,5.772999999999999
2340,12.311000000000005
2341,4.035249999999997
2342,6.956249999999999
2343,11.700749999999992
2344,5.896999999999997
2345,18.431250000000006
2346,0.8987500000000004
2347,19.536000000000026
2348,15.191999999999998
2349,15.82425
2350,2.6732499999999972
2351,25.463000000000015
2352,14.782749999999997
2353,24.367000000000026
2354,10.523000000000009
2355,22.31524999999996
2356,6.377499999999993
2357,19.526999999999976
2358,10.755499999999994
2359,17.0595
2360,10.111000000000011
2361,18.055249999999997
2362,11.216750000000006
2363,25.161749999999994
2364,6.8677499999999965
2365,3.76475
2366,22.770250000000004
2367,12.125250000000017
2368,-3.609249999999999
2369,13.577749999999991
2370,9.208000000000007
2371,-1.1299999999999983
2372,6.444499999999994
2373,2.0332500000000007
2374,16.96200000000001
2375,0.9654999999999991
2376,21.479500000000016
2377,-1.1802500000000027
2378,6.905499999999997
2379,22.141500000000022
2380,7.205500000000004
2381,-0.43524999999999997
2382,28.08799999999997
2383,4.349499999999997
2384,8.167500000000002
2385,11.382749999999996
2386,26.241749999999982
2387,16.24424999999999
2388,9.368749999999997
2389,10.728250000000003
2390,14.244249999999996
2391,0.7437499999999992
2392,-0.605249999999999
2393,24.738500000000013
2394,7.953250000000002
2395,24.508000000000006
2396,9.544750000000004
2397,8.389249999999999
2398,21.77125000000001
2399,0.684749999999999
2400,12.320250000000021
2401,15.306750000000013
2402,11.668250000000008
2403,-1.9817499999999968
2404,14.141999999999996
2405,16.22975
2406,20.987499999999997
2407,0.07850000000000004
2408,-0.1657499999999999
2409,4.521499999999999
2410,16.588499999999996
2411,0.3795
2412,3.2987499999999956
2413,16.169500000000003
2414,15.305999999999994
2415,6.992249999999998
2416,10.288000000000006
2417,4.334499999999999
2418,10.439999999999996
2419,20.159000000000006
2420,6.077750000000001
2421,15.379999999999987
2422,20.574000000000005
2423,13.313499999999998
2424,14.514249999999965
2425,22.313
2426,8.13199999999999
2427,1.4655
2428,18.41375000000002
2429,4.873750000000001
2430,0.1762500000000002
2431,12.303000000000022
2432,15.741500000000013
2433,17.842249999999982
2434,2.3677499999999996
2435,8.9585
2436,17.323750000000025
2437,-1.1202500000000015
2438,5.593000000000004
2439,18.830000000000027
2440,11.62575
2441,15.71725
2442,2.9395
2443,7.351500000000002
2444,7.060500000000003
2445,3.077000000000005
2446,3.972750000000003
2447,7.587999999999999
2448,18.088000000000015
2449,26.56925000000003
2450,-2.260000000000001
2451,9.089000000000002
2452,-3.129249999999999
2453,-2.169500000000002
2454,14.436749999999991
2455,22.398500000000027
2456,-1.6817499999999999
2457,0.10224999999999994
2458,9.140249999999991
2459,18.217000000000006
2460,5.825750000000003
2461,13.50849999999999
2462,17.587250000000008
2463,12.950249999999984
2464,15.330499999999997
2465,2.724500000000002
2466,10.670750000000014
2467,10.733750000000002
2468,1.1217499999999994
2469,12.177499999999995
2470,5.532499999999995
2471,6.6514999999999995
2472,9.926250000000005
2473,14.982999999999974
2474,-0.8647500000000001
2475,0.7177499999999992
2476,23.12599999999998
2477,17.627999999999997
2478,24.010750000000026
2479,12.651250000000006
2480,11.05325000000001
2481,-0.9307500000000001
2482,-0.3807499999999997
2483,15.873499999999984
2484,20.69850000000001
2485,14.948000000000013
2486,-3.063249999999996
2487,3.2762499999999983
2488,17.72300000000001
2489,5.246250000000001
2490,3.74125
2491,-1.145750000000001
2492,19.90199999999999
2493,5.131249999999991
2494,15.734000000000012
2495,22.607000000000067
2496,10.463500000000005
2497,6.014249999999996
2498,8.083499999999994
2499,26.921499999999984
2500,9.251000000000007
2501,10.725000000000009
2502,13.32475
2503,11.724249999999994
2504,24.677250000000026
2505,22.066999999999997
2506,0.26399999999999957
2507,18.09375000000002
2508,-2.6612499999999977
2509,7.457999999999995
2510,5.849750000000005
2511,16.793249999999997
2512,18.293250000000008
2513,15.982249999999988
2514,-2.7455000000000007
2515,-0.6597499999999996
2516,14.864749999999988
2517,16.569
2518,3.7897500000000015
2519,18.979250000000008
2520,23.62900000000004
2521,17.24100000000002
2522,14.094000000000001
2523,9.526249999999992
2524,-2.2187500000000036
2525,15.163749999999999
2526,19.8535
2527,3.9880000000000018
2528,-0.3672499999999998
2529,5.481250000000001
2530,2.837250000000002
2531,-1.355
2532,21.93950000000002
2533,12.791249999999984
2534,2.8400000000000007
2535,7.546000000000004
2536,3.836750000000008
2537,-0.13124999999999992
2538,5.834250000000001
2539,19.332999999999977
2540,21.854750000000017
2541,11.324750000000016
2542,0.1607500000000001
2543,19.38425000000001
2544,3.7797500000000013
2545,7.263499999999997
2546,6.599249999999987
2547,22.909250000000025
2548,12.801999999999996
2549,-0.8795000000000007
2550,13.43625
2551,11.112000000000002
2552,3.414500000000005
2553,18.49274999999999
2554,2.554250000000002
2555,8.694250000000004
2556,10.468
2557,3.5327499999999965
2558,0.7042500000000005
2559,18.207250000000016
2560,19.697750000000013
2561,2.147000000000003
2562,0.5657499999999999
2563,4.599999999999993
2564,9.473000000000004
2565,0.2367500000000003
2566,14.270499999999986
2567,7.314250000000004
2568,-0.6729999999999993
2569,11.131000000000007
2570,5.889249999999995
2571,19.230250000000005
2572,25.065249999999978
2573,6.222749999999998
2574,21.77125000000002
2575,12.21175000000002
2576,11.379249999999992
2577,4.240999999999999
2578,18.640000000000015
2579,10.283000000000015
2580,7.763000000000008
2581,2.7615000000000016
2582,9.574750000000003
2583,12.539000000000005
2584,3.9525000000000023
2585,6.966249999999997
2586,4.152000000000003
2587,12.483500000000014
2588,8.650500000000006
2589,9.90275000000001
2590,14.60125
2591,16.09574999999999
2592,19.117000000000015
2593,8.31050000000001
2594,-0.597500000000001
2595,2.0257499999999995
2596,7.743249999999996
2597,9.8215
2598,7.789499999999996
2599,11.803250000000013
2600,3.8847500000000066
2601,-2.3837499999999965
2602,1.1935000000000007
2603,9.507750000000005
2604,16.04149999999999
2605,3.533499999999998
2606,13.620500000000007
2607,16.240750000000013
2608,16.704249999999995
2609,4.295999999999999
2610,17.45750000000001
2611,23.322250000000004
2612,17.10025
2613,15.346750000000004
2614,11.711250000000014
2615,9.219000000000005
2616,10.096249999999989
2617,26.875999999999994
2618,1.0642500000000001
2619,18.148
2620,4.647249999999992
2621,14.495749999999996
2622,7.600750000000002
2623,25.003250000000023
2624,-3.350750000000005
2625,15.372499999999995
2626,26.264250000000043
2627,8.992250000000004
2628,4.262000000000001
2629,17.38825
2630,22.80399999999999
2631,6.2975
2632,13.89825
2633,23.53
2634,8.156999999999998
2635,17.55150000000003
2636,25.976249999999986
2637,10.79875
2638,5.274500000000004
2639,1.1389999999999993
2640,12.217999999999996
2641,13.733250000000009
2642,6.8097499999999975
2643,0.021250000000000026
2644,-3.9104999999999945
2645,10.664000000000012
2646,13.919249999999998
2647,5.524500000000009
2648,24.116999999999962
2649,-0.9939999999999999
2650,4.118500000000001
2651,2.9385000000000012
2652,20.004750000000012
2653,21.565500000000007
2654,3.009250000000002
2655,18.766000000000005
2656,16.82375
2657,9.656000000000015
2658,2.2482499999999987
2659,15.227000000000022
2660,16.366500000000016
2661,1.6042500000000002
2662,5.2305000000000055
2663,4.860499999999995
2664,15.68175
2665,7.855000000000003
2666,15.680250000000024
2667,21.780249999999988
2668,5.119750000000003
2669,6.419499999999997
2670,15.339499999999996
2671,13.387999999999998
2672,22.16
2673,5.44049999999999
2674,3.159499999999997
2675,10.928000000000008
2676,10.279750000000003
2677,18.923500000000026
2678,6.4567499999999995
2679,2.854500000000002
2680,0.5939999999999993
2681,7.979
2682,17.635000000000005
2683,8.077249999999992
2684,12.120249999999997
2685,8.711249999999993
2686,6.540250000000003
2687,-1.8917500000000027
2688,11.846250000000015
2689,4.929249999999999
2690,19.475500000000018
2691,6.543250000000001
2692,6.370999999999999
2693,6.910500000000005
2694,2.0552500000000005
2695,15.142249999999999
2696,9.204750000000004
2697,0.6164999999999999
2698,13.295499999999995
2699,7.015749999999998
2700,2.7712500000000007
2701,1.6317500000000016
2702,15.367250000000002
2703,2.997500000000001
2704,11.53575
2705,18.642250000000015
2706,2.5352500000000053
2707,17.767250000000008
2708,15.582249999999995
2709,24.1745
2710,5.631749999999995
2711,11.80575000000001
2712,20.6735
2713,13.569250000000002
2714,4.358250000000007
2715,2.337250000000003
2716,11.50550000000001
2717,16.51200000000001
2718,1.8867500000000001
2719,26.27575000000002
2720,20.861749999999983
2721,15.176249999999989
2722,6.9085000000000045
2723,7.9185000000000025
2724,12.53
2725,2.2592499999999998
2726,15.715749999999984
2727,10.610250000000002
2728,3.6397499999999985
2729,8.5165
2730,22.62100000000003
2731,2.410500000000001
2732,22.921250000000004
2733,3.438750000000001
2734,31.489249999999934
2735,-0.3475000000000003
2736,0.28875000000000056
2737,18.34875000000003
2738,16.786499999999997
2739,10.149000000000003
2740,-2.4657500000000026
2741,3.6022500000000006
2742,14.793249999999995
2743,22.969250000000006
2744,10.256000000000013
2745,10.51275000000001
2746,5.771749999999996
2747,23.419500000000003
2748,5.096750000000003
2749,10.623000000000006
2750,9.181749999999992
2751,17.63375
2752,7.98875
2753,4.770500000000002
2754,6.061249999999994
2755,23.75725000000002
2756,10.539250000000013
2757,-0.8815000000000005
2758,13.865249999999989
2759,8.105499999999996
2760,15.645249999999985
2761,-3.3915
2762,4.352750000000002
2763,3.7110000000000003
2764,15.909250000000004
2765,2.1800000000000046
2766,3.200000000000001
2767,9.523499999999997
2768,23.72225000000004
2769,9.81475000000001
2770,-0.3534999999999998
2771,-1.0442500000000008
2772,11.706500000000005
2773,-3.4539999999999997
2774,7.256500000000002
2775,11.8585
2776,25.34325
2777,23.921000000000003
2778,16.84324999999997
2779,21.27450000000002
2780,5.1675
2781,9.486999999999993
2782,6.081000000000001
2783,5.870749999999995
2784,-1.2425000000000004
2785,4.273250000000002
2786,-0.19374999999999998
2787,1.573500000000001
2788,15.489249999999991
2789,4.2002500000000005
2790,-0.17324999999999982
2791,22.407749999999982
2792,12.332999999999988
2793,1.9282500000000014
2794,17.856500000000015
2795,5.644499999999999
2796,25.059250000000016
2797,8.86625
2798,10.828750000000014
2799,-0.7187500000000003
2800,7.138249999999996
2801,21.708000000000002
2802,3.753999999999995
2803,3.866250000000002
2804,2.3207500000000008
2805,2.7767500000000007
2806,20.0345
2807,7.008749999999999
2808,14.761000000000001
2809,2.727749999999997
2810,14.142249999999992
2811,2.430500000000001
2812,10.168250000000002
2813,-1.3462500000000006
2814,2.828499999999998
2815,13.579749999999981
2816,12.902999999999997
2817,13.392750000000003
2818,9.480749999999999
2819,15.210250000000013
2820,27.70925
2821,12.658499999999998
2822,19.39699999999999
2823,0.5157499999999996
2824,6.970499999999995
2825,13.071
2826,8.991249999999992
2827,12.186499999999993
2828,1.8995000000000013
2829,2.714750000000004
2830,14.816499999999978
2831,4.538499999999999
2832,1.161499999999999
2833,15.409750000000004
2834,15.444250000000016
2835,11.258749999999994
2836,15.80950000000002
2837,7.523749999999996
2838,10.442250000000003
2839,7.1975000000000025
2840,0.4067499999999998
2841,-0.08099999999999992
2842,7.338999999999993
2843,-0.5220000000000006
2844,8.039499999999997
2845,1.222000000000001
2846,12.935499999999992
2847,2.412749999999999
2848,11.774750000000004
2849,1.1132499999999996
2850,3.437999999999998
2851,18.262750000000008
2852,3.24475
2853,9.359749999999996
2854,6.070249999999996
2855,19.517250000000015
2856,26.865749999999988
2857,23.06775000000003
2858,0.3137500000000003
2859,22.273249999999976
2860,7.687999999999993
2861,12.806750000000022
2862,5.920250000000007
2863,15.35925
2864,3.7302500000000007
2865,12.596750000000002
2866,6.699500000000006
2867,0.17849999999999994
2868,11.079000000000002
2869,18.765500000000007
2870,19.172499999999985
2871,1.4754999999999994
2872,4.058250000000004
2873,14.826499999999996
2874,18.671249999999997
2875,6.932250000000006
2876,2.7542500000000003
2877,5.5769999999999955
2878,6.6272499999999965
2879,1.8597499999999993
2880,11.630999999999998
2881,3.486249999999996
2882,2.5215000000000005
2883,4.669000000000006
2884,-3.0612499999999976
2885,7.232749999999987
2886,19.801500000000047
2887,5.021250000000002
2888,1.2075000000000016
2889,25.36425000000002
2890,1.7897500000000022
2891,-3.4655000000000022
2892,18.079499999999992
2893,0.26050000000000034
2894,7.4785
2895,2.474499999999998
2896,22.373249999999995
2897,11.620750000000005
2898,-3.9507499999999975
2899,20.365999999999996
2900,-0.8820000000000023
2901,17.07374999999999
2902,6.445000000000002
2903,6.5662500000000055
2904,0.2622500000000001
2905,14.387249999999986
2906,16.396749999999983
2907,2.5952499999999983
2908,18.62400000000002
2909,4.562749999999999
2910,9.517249999999997
2911,15.212499999999986
2912,1.7847500000000054
2913,11.41999999999999
2914,18.0225
2915,6.925749999999998
2916,8.433750000000005
2917,17.739000000000004
2918,12.272250000000017
2919,11.9635
2920,5.737999999999996
2921,14.512249999999987
2922,12.728249999999978
2923,8.592499999999996
2924,10.70950000000001
2925,23.591999999999988
2926,2.6175000000000015
2927,4.362500000000007
2928,25.504500000000004
2929,6.428499999999996
2930,16.321750000000005
2931,4.240499999999997
2932,-1.4985000000000002
2933,12.846750000000007
2934,16.368999999999982
2935,20.62225000000001
2936,3.287750000000003
2937,12.614250000000004
2938,10.868750000000018
2939,16.770000000000017
2940,8.023249999999997
2941,21.41775000000001
2942,18.930250000000004
2943,17.115999999999996
2944,9.665749999999994
2945,7.744499999999996
2946,13.042499999999986
2947,7.272999999999996
2948,16.798250000000007
2949,10.317000000000005
2950,6.303249999999995
2951,16.97025000000001
2952,15.93149999999998
2953,3.029500000000003
2954,15.76425000000002
2955,12.60825
2956,23.216750000000015
2957,5.581250000000003
2958,5.254000000000003
2959,-2.05925
2960,23.888500000000022
2961,19.94625000000001
2962,4.1214999999999975
2963,11.6225
2964,18.245000000000026
2965,20.07174999999999
2966,13.904000000000003
2967,22.241750000000025
2968,15.438500000000017
2969,1.6184999999999996
2970,9.927
2971,0.2254999999999996
2972,20.496500000000005
2973,0.9202499999999987
2974,7.261
2975,12.36475000000001
2976,-1.7674999999999985
2977,16.119000000000014
2978,21.057499999999976
2979,6.176750000000003
2980,7.555250000000009
2981,18.58600000000001
2982,-0.7282500000000012
2983,-0.08850000000000001
2984,20.739249999999988
2985,2.8577499999999985
2986,14.787250000000002
2987,25.83399999999998
2988,5.51325
2989,10.907000000000016
2990,7.816999999999998
2991,-3.215749999999997
2992,15.476000000000004
2993,0.3809999999999999
2994,15.365999999999996
2995,0.286
2996,6.812500000000003
2997,-0.9557499999999999
2998,20.532999999999983
2999,22.238000000000042
3000,23.238500000000027
3001,12.760000000000016
3002,2.029500000000001
3003,10.233249999999993
3004,8.868
3005,3.7540000000000004
3006,4.420749999999998
3007,-0.6029999999999991
3008,17.916750000000004
3009,11.00125
3010,19.444250000000007
3011,7.060749999999993
3012,22.023500000000002
3013,1.4067500000000006
3014,22.097000000000016
3015,19.568499999999993
3016,14.976999999999986
3017,16.584999999999994
3018,4.984999999999996
3019,3.5325000000000006
3020,17.06075000000002
3021,5.027250000000001
3022,12.420750000000005
3023,-1.8377500000000027
3024,28.87099999999998
3025,1.1164999999999987
3026,6.056000000000004
3027,10.297250000000012
3028,10.491500000000029
3029,5.98450000000001
3030,13.290750000000005
3031,20.37600000000001
3032,4.053499999999998
3033,2.3632500000000003
3034,10.988500000000009
3035,3.35375
3036,9.31
3037,-2.512250000000001
3038,22.157500000000006
3039,16.87150000000001
3040,6.319500000000001
3041,18.37175
3042,21.588000000000015
3043,12.057499999999994
3044,-6.322750000000006
3045,20.745999999999984
3046,6.966749999999998
3047,6.145249999999996
3048,10.504250000000004
3049,11.186750000000002
3050,14.671250000000013
3051,-0.23949999999999957
3052,18.055499999999995
3053,11.046500000000014
3054,2.7540000000000022
3055,16.36174999999999
3056,11.106000000000002
3057,7.316999999999992
3058,11.22900000000002
3059,8.731999999999994
3060,9.112000000000005
3061,10.567750000000014
3062,8.756500000000003
3063,27.01350000000001
3064,2.4652499999999984
3065,22.706999999999994
3066,1.8379999999999992
3067,22.892500000000013
3068,13.656749999999981
3069,-1.33925
3070,0.6307499999999999
3071,-5.280750000000008
3072,24.304750000000016
3073,12.091750000000008
3074,-2.6780000000000017
3075,8.429249999999993
3076,21.772250000000007
3077,19.92399999999999
3078,5.507249999999998
3079,1.6117499999999998
3080,9.555000000000001
3081,25.64675
3082,11.209000000000005
3083,11.693500000000006
3084,15.959749999999996
3085,17.231750000000005
3086,-1.2062499999999998
3087,14.341249999999986
3088,-0.1757499999999995
3089,10.803500000000007
3090,2.731249999999996
3091,17.70000000000001
3092,6.879749999999998
3093,5.132249999999998
3094,14.965499999999986
3095,14.443749999999996
3096,11.351500000000001
3097,-1.1672500000000001
3098,9.7665
3099,2.030250000000003
3100,23.793250000000004
3101,15.767499999999986
3102,5.347750000000002
3103,4.202499999999995
3104,-0.9710000000000011
3105,17.625000000000007
3106,7.3390000000000075
3107,5.046749999999995
3108,7.878249999999998
3109,15.96824999999999
3110,12.399749999999997
3111,-2.3345000000000007
3112,5.9659999999999975
3113,10.58875000000001
3114,18.352750000000018
3115,8.575999999999995
3116,15.865749999999998
3117,0.7972499999999976
3118,20.459250000000026
3119,16.795750000000005
3120,19.23575000000002
3121,0.15625
3122,-0.05925000000000003
3123,3.376000000000003
3124,2.9997500000000006
3125,9.749249999999998
3126,1.3709999999999993
3127,13.414499999999986
3128,5.102749999999995
3129,6.665250000000006
3130,21.857750000000006
3131,4.453750000000002
3132,6.893750000000007
3133,9.503500000000015
3134,13.206500000000005
3135,10.994250000000001
3136,1.581999999999998
3137,2.0362500000000017
3138,1.0414999999999999
3139,18.921750000000042
3140,5.151250000000004
3141,17.16025
3142,6.4565000000000055
3143,14.90275
3144,19.678250000000006
3145,15.377749999999986
3146,16.975499999999997
3147,3.031750000000004
3148,-2.0475000000000008
3149,0.07924999999999993
3150,6.900750000000006
3151,7.541000000000001
3152,10.331999999999999
3153,17.349999999999998
3154,18.826249999999998
3155,-3.1885000000000012
3156,8.10424999999998
3157,21.64200000000001
3158,12.834500000000013
3159,6.538250000000006
3160,13.24775000000001
3161,-0.09775
3162,11.573500000000003
3163,9.037749999999999
3164,14.442750000000007
3165,7.009500000000005
3166,7.124000000000003
3167,11.76625
3168,14.452250000000003
3169,3.5854999999999975
3170,16.209500000000006
3171,21.256749999999993
3172,-0.1112500000000002
3173,6.405500000000002
3174,7.3662499999999875
3175,14.64775
3176,10.999500000000014
3177,17.82274999999999
3178,0.08649999999999998
3179,17.169749999999993
3180,14.151750000000007
3181,8.034999999999991
3182,1.219999999999999
3183,15.9625
3184,17.19625000000002
3185,15.456749999999994
3186,13.336000000000002
3187,25.494750000000014
3188,20.076000000000008
3189,20.434750000000005
3190,0.019499999999999722
3191,10.851499999999996
3192,18.798000000000002
3193,-0.6005000000000009
3194,23.484999999999996
3195,-0.5720000000000011
3196,11.280750000000003
3197,7.28125
3198,15.26324999999998
3199,6.723249999999992
3200,7.30325
3201,5.5009999999999994
3202,19.34950000000003
3203,10.828999999999994
3204,6.186499999999995
3205,7.971999999999997
3206,-1.8812500000000014
3207,15.743499999999974
3208,16.249000000000002
3209,4.4819999999999895
3210,13.001749999999992
3211,1.8427499999999981
3212,7.708750000000008
3213,20.833250000000007
3214,11.907749999999995
3215,-1.2762499999999997
3216,14.100750000000003
3217,3.647499999999998
3218,23.54100000000001
3219,14.818750000000017
3220,6.002500000000007
3221,6.895249999999988
3222,-0.18750000000000014
3223,16.527749999999983
3224,13.517750000000003
3225,18.777750000000026
3226,10.567750000000007
3227,15.158499999999986
3228,17.869499999999995
3229,7.528999999999999
3230,-0.030999999999999948
3231,3.4062500000000004
3232,19.276000000000025
3233,21.322000000000013
3234,20.34299999999997
3235,9.316999999999998
3236,-0.4227499999999996
3237,3.203500000000003
3238,7.700500000000006
3239,18.016000000000005
3240,15.824499999999995
3241,9.49300000000001
3242,22.579000000000004
3243,16.517500000000005
3244,5.375250000000002
3245,1.1535000000000002
3246,13.412249999999993
3247,14.220000000000006
